greek,h_best,rmse
delta_0,0.02,0.0006406649880636658
gamma_0,0.07,5.12893852202468e-05
vega_0,0.1,0.15672366953873892
rho,0.7,0.13335424304991278
theta,0.2,0.00709637246167499
